raw_beta,raw_ace2,raw_c_COV2-2050,raw_c_COV2-2082,raw_c_COV2-2094,raw_c_COV2-2096,raw_c_COV2-2130,raw_c_COV2-2165,raw_c_COV2-2196,raw_c_COV2-2479,raw_c_COV2-2499,raw_c_COV2-2677,raw_c_COV2-2832,raw_c_CR3022,raw_c_LY-CoV016,raw_c_LY-CoV555,raw_c_REGN10933,raw_c_REGN10987,raw_c_S2D106,raw_c_S2E12,raw_c_S2H13,raw_c_S2H14,raw_c_S2H58,raw_c_S2H97,raw_c_S2X16,raw_c_S2X227,raw_c_S2X259,raw_c_S2X35,raw_c_S2X58,raw_c_S304,raw_c_S309
-0.39510812660005534,-9.655745323394065,-7.326271831682624,-6.536793787251225,-8.243869794709854,-6.7637695249840215,-7.494703980971675,-7.836790312262935,-7.276156985338614,-7.106954130986958,-8.641146943372531,-8.949093973922768,-5.449745728342512,-9.687223701662342,-6.933957425917897,-9.028689520883692,-8.539761555338066,-8.240928162351384,-9.180729588576009,-9.30288476774352,-7.692647573799005,-6.125841283384838,-9.215230042193506,-8.291596633066076,-8.0621446093987,-9.682295980107135,-6.903311482512023,-8.986700956739057,-9.094449653341801,-7.84856932459393,-8.756317906692495
