raw_beta,raw_ace2,raw_c_COV2-2050,raw_c_COV2-2082,raw_c_COV2-2094,raw_c_COV2-2096,raw_c_COV2-2130,raw_c_COV2-2165,raw_c_COV2-2196,raw_c_COV2-2479,raw_c_COV2-2499,raw_c_COV2-2677,raw_c_COV2-2832,raw_c_CR3022,raw_c_LY-CoV016,raw_c_LY-CoV555,raw_c_REGN10933,raw_c_REGN10987,raw_c_S2D106,raw_c_S2E12,raw_c_S2H13,raw_c_S2H14,raw_c_S2H58,raw_c_S2H97,raw_c_S2X16,raw_c_S2X227,raw_c_S2X259,raw_c_S2X35,raw_c_S2X58,raw_c_S304,raw_c_S309
-0.40130219374345805,-9.168570333760945,-6.184673889766875,-6.501857535440038,-8.350561098823606,-9.016098882619676,-9.213219016063196,-7.066715353101424,-9.091253445222167,-7.7275800688837855,-7.870241707154899,-8.271729745957337,-7.696451968316241,-9.099962706979609,-6.9263283310325034,-8.030783633916412,-9.442589387925429,-9.783614488979737,-9.18635093602055,-9.485259171699871,-8.057541313928068,-6.218921834952924,-9.176086444114544,-7.552033553611437,-7.736315213452806,-9.64575938598116,-6.674997837297535,-8.943778337948373,-9.289995416186102,-6.238496903217473,-9.254504959626914
