raw_beta,raw_ace2,raw_c_COV2-2050,raw_c_COV2-2082,raw_c_COV2-2094,raw_c_COV2-2096,raw_c_COV2-2130,raw_c_COV2-2165,raw_c_COV2-2196,raw_c_COV2-2479,raw_c_COV2-2499,raw_c_COV2-2677,raw_c_COV2-2832,raw_c_CR3022,raw_c_LY-CoV016,raw_c_LY-CoV555,raw_c_REGN10933,raw_c_REGN10987,raw_c_S2D106,raw_c_S2E12,raw_c_S2H13,raw_c_S2H14,raw_c_S2H58,raw_c_S2H97,raw_c_S2X16,raw_c_S2X227,raw_c_S2X259,raw_c_S2X35,raw_c_S2X58,raw_c_S304,raw_c_S309
-0.38606029509165063,-9.485363829391758,-7.457730252035958,-6.558742728143228,-8.882759352120706,-6.4410192955008,-7.453824785442286,-7.4842685400122955,-7.406840770502144,-7.165366634203021,-8.770246906976215,-8.483862668318306,-5.396757049975727,-9.604722477169387,-6.723059457120696,-8.76411759748329,-7.268296412681135,-7.204244646582567,-9.081920160906265,-9.124059989776775,-8.026399040427984,-6.09756808599211,-9.12929111195528,-8.696965611032015,-7.8739690027259535,-9.700974964615991,-6.920671009307237,-8.902004962515907,-9.093494806027406,-7.675104379587871,-8.271266347023142
