raw_beta,raw_ace2,raw_c_COV2-2050,raw_c_COV2-2082,raw_c_COV2-2094,raw_c_COV2-2096,raw_c_COV2-2130,raw_c_COV2-2165,raw_c_COV2-2196,raw_c_COV2-2479,raw_c_COV2-2499,raw_c_COV2-2677,raw_c_COV2-2832,raw_c_CR3022,raw_c_LY-CoV016,raw_c_LY-CoV555,raw_c_REGN10933,raw_c_REGN10987,raw_c_S2D106,raw_c_S2E12,raw_c_S2H13,raw_c_S2H14,raw_c_S2H58,raw_c_S2H97,raw_c_S2X16,raw_c_S2X227,raw_c_S2X259,raw_c_S2X35,raw_c_S2X58,raw_c_S304,raw_c_S309
-0.2535083300482522,-9.116149908780685,-9.111103267939047,-7.798026679167078,-8.368974854761268,-8.029236201721858,-8.266308210708136,-6.674901136529789,-9.34098992845772,-7.487272728501674,-8.69730303240167,-7.9044836064442165,-7.6182728433174836,-7.768829034267498,-9.520723274073307,-9.542868455716649,-9.520098042792087,-9.684025404036433,-9.478934038490678,-9.659260555541206,-8.197861268766895,-6.537496588980377,-9.516062207110766,-6.4836429942934375,-9.56484289963278,-9.54711113069962,-7.042541307889566,-9.358040521264051,-9.428750105085433,-5.6801204088723845,-9.349020186143246
