raw_beta,raw_ace2,raw_c_COV2-2050,raw_c_COV2-2082,raw_c_COV2-2094,raw_c_COV2-2096,raw_c_COV2-2130,raw_c_COV2-2165,raw_c_COV2-2196,raw_c_COV2-2479,raw_c_COV2-2499,raw_c_COV2-2677,raw_c_COV2-2832,raw_c_CR3022,raw_c_LY-CoV016,raw_c_LY-CoV555,raw_c_REGN10933,raw_c_REGN10987,raw_c_S2D106,raw_c_S2E12,raw_c_S2H13,raw_c_S2H14,raw_c_S2H58,raw_c_S2H97,raw_c_S2X16,raw_c_S2X227,raw_c_S2X259,raw_c_S2X35,raw_c_S2X58,raw_c_S304,raw_c_S309
-0.21260462398529473,-8.8251913815727,-9.13755709040234,-8.047579168988504,-8.387287177782255,-8.659027130493218,-8.095444428242665,-6.525511846467355,-9.224443926446972,-7.722740392115406,-8.475486548963852,-8.094761378976566,-7.7147630401634535,-7.377795379258071,-9.39490559181285,-9.604483500813123,-9.469369162792885,-9.63893150379504,-9.54743372558663,-9.61070135220686,-8.352449188716614,-6.979642160917686,-9.519305836180877,-6.4162551134742065,-9.473225890769873,-9.481660148848313,-6.978511763597714,-9.354686321349657,-9.472010933320348,-5.41860953431622,-9.322040277805211
