raw_beta,raw_ace2,raw_c_COV2-2050,raw_c_COV2-2082,raw_c_COV2-2094,raw_c_COV2-2096,raw_c_COV2-2130,raw_c_COV2-2165,raw_c_COV2-2196,raw_c_COV2-2479,raw_c_COV2-2499,raw_c_COV2-2677,raw_c_COV2-2832,raw_c_CR3022,raw_c_LY-CoV016,raw_c_LY-CoV555,raw_c_REGN10933,raw_c_REGN10987,raw_c_S2D106,raw_c_S2E12,raw_c_S2H13,raw_c_S2H14,raw_c_S2H58,raw_c_S2H97,raw_c_S2X16,raw_c_S2X227,raw_c_S2X259,raw_c_S2X35,raw_c_S2X58,raw_c_S304,raw_c_S309
-0.23685352822801314,-8.959530366426266,-9.110060068264861,-8.217527435571364,-8.803564011106586,-8.28928263511464,-8.082426278093914,-6.491401359962458,-9.270512562052962,-7.5112349775900205,-8.707990676637781,-8.434330565199556,-7.693218570753099,-7.559466476038171,-9.512563649135979,-9.585865526631311,-9.537620276119357,-9.655343990765042,-9.515114317260217,-9.660377209944253,-8.355637193594246,-6.692956648218963,-9.509025264460998,-6.348196771637239,-9.510902193097436,-9.44422332851156,-6.999253447448492,-9.351543826087958,-9.453050242534783,-5.522979397315939,-9.337952344981996
