raw_beta,raw_ace2,raw_c_COV2-2050,raw_c_COV2-2082,raw_c_COV2-2094,raw_c_COV2-2096,raw_c_COV2-2130,raw_c_COV2-2165,raw_c_COV2-2196,raw_c_COV2-2479,raw_c_COV2-2499,raw_c_COV2-2677,raw_c_COV2-2832,raw_c_CR3022,raw_c_LY-CoV016,raw_c_LY-CoV555,raw_c_REGN10933,raw_c_REGN10987,raw_c_S2D106,raw_c_S2E12,raw_c_S2H13,raw_c_S2H14,raw_c_S2H58,raw_c_S2H97,raw_c_S2X16,raw_c_S2X227,raw_c_S2X259,raw_c_S2X35,raw_c_S2X58,raw_c_S304,raw_c_S309
-0.21108783485601043,-8.841166802567194,-9.344442025033658,-8.227670615463234,-8.49480545548389,-8.671521511271605,-8.204721604267394,-6.51877777066345,-9.273435891763022,-7.649303752178691,-8.567788975587353,-7.951184686559013,-7.723553106501209,-7.478530578020911,-9.510155010632714,-9.600095244672028,-9.476224828922103,-9.614485348423909,-9.535149313020561,-9.659617104564594,-8.215002850405439,-7.041184608944416,-9.526431043703049,-6.493319943469701,-9.505274170425636,-9.49095433528042,-7.021093273816535,-9.360627148044065,-9.46838287504994,-5.573466887863217,-9.344616383042043
