raw_beta,raw_ace2,raw_c_COV2-2050,raw_c_COV2-2082,raw_c_COV2-2094,raw_c_COV2-2096,raw_c_COV2-2130,raw_c_COV2-2165,raw_c_COV2-2196,raw_c_COV2-2479,raw_c_COV2-2499,raw_c_COV2-2677,raw_c_COV2-2832,raw_c_CR3022,raw_c_LY-CoV016,raw_c_LY-CoV555,raw_c_REGN10933,raw_c_REGN10987,raw_c_S2D106,raw_c_S2E12,raw_c_S2H13,raw_c_S2H14,raw_c_S2H58,raw_c_S2H97,raw_c_S2X16,raw_c_S2X227,raw_c_S2X259,raw_c_S2X35,raw_c_S2X58,raw_c_S304,raw_c_S309
-0.4002100493329616,-9.733750314722048,-7.457582925657667,-6.751360479470578,-8.210327378932382,-7.411290475087185,-7.3720557330780725,-7.278602837083211,-6.972875026604322,-7.5710282142471215,-8.404026151762231,-8.675392377233777,-5.445811249182317,-9.557615887720866,-6.998920138763178,-8.448050569489013,-9.140321545185397,-8.445119189536799,-9.057032704663715,-9.185671422352781,-7.692546972904298,-6.194026999486948,-9.060688456532649,-8.334791097419288,-7.453064476075254,-9.517473699024324,-6.834251630411982,-9.128373953691444,-9.101473197423134,-6.265395614071844,-8.69948664172413
