raw_beta,raw_ace2,raw_c_COV2-2050,raw_c_COV2-2082,raw_c_COV2-2094,raw_c_COV2-2096,raw_c_COV2-2130,raw_c_COV2-2165,raw_c_COV2-2196,raw_c_COV2-2479,raw_c_COV2-2499,raw_c_COV2-2677,raw_c_COV2-2832,raw_c_CR3022,raw_c_LY-CoV016,raw_c_LY-CoV555,raw_c_REGN10933,raw_c_REGN10987,raw_c_S2D106,raw_c_S2E12,raw_c_S2H13,raw_c_S2H14,raw_c_S2H58,raw_c_S2H97,raw_c_S2X16,raw_c_S2X227,raw_c_S2X259,raw_c_S2X35,raw_c_S2X58,raw_c_S304,raw_c_S309
-0.26015097795578984,-9.175626779852944,-9.14933636871371,-7.775545662804086,-8.657272692408496,-7.305478458544328,-8.381090894987379,-6.651025610008774,-9.41071353204483,-7.678805319102189,-8.654565152099245,-8.138495148572098,-7.834800970544103,-7.82950104455721,-9.546731869409648,-9.306695653543127,-9.552863389886472,-9.664483706705182,-9.474563904842475,-9.665496248399375,-8.49984156579439,-7.016377601800805,-9.514124370013437,-6.561777819938697,-9.55652143250974,-9.465890317973557,-7.101432170292646,-9.358076963887493,-9.345699633215627,-6.049757406094845,-9.333596840661647
