raw_beta,raw_ace2,raw_c_COV2-2050,raw_c_COV2-2082,raw_c_COV2-2094,raw_c_COV2-2096,raw_c_COV2-2130,raw_c_COV2-2165,raw_c_COV2-2196,raw_c_COV2-2479,raw_c_COV2-2499,raw_c_COV2-2677,raw_c_COV2-2832,raw_c_CR3022,raw_c_LY-CoV016,raw_c_LY-CoV555,raw_c_REGN10933,raw_c_REGN10987,raw_c_S2D106,raw_c_S2E12,raw_c_S2H13,raw_c_S2H14,raw_c_S2H58,raw_c_S2H97,raw_c_S2X16,raw_c_S2X227,raw_c_S2X259,raw_c_S2X35,raw_c_S2X58,raw_c_S304,raw_c_S309
-0.3958843719043912,-9.273186830515899,-6.6701277643302515,-6.5600421949236996,-8.118375891395033,-7.731931685485317,-8.962523956840947,-7.3345913974254895,-7.882021761780645,-7.758604955165982,-7.878153968821239,-8.169644994118316,-5.99311697752168,-9.28452277472023,-7.169793213867497,-8.992645389874921,-9.610327140027346,-9.610857320164675,-9.284276154416643,-9.304604225841238,-7.767858305604731,-6.17501489972959,-9.191553288252157,-7.933222218622328,-8.289169133546457,-9.671590460399164,-6.792683438691824,-9.081042472602434,-9.155774585365116,-6.239815524524738,-8.971311789339712
