raw_beta,raw_ace2,raw_c_COV2-2050,raw_c_COV2-2082,raw_c_COV2-2094,raw_c_COV2-2096,raw_c_COV2-2130,raw_c_COV2-2165,raw_c_COV2-2196,raw_c_COV2-2479,raw_c_COV2-2499,raw_c_COV2-2677,raw_c_COV2-2832,raw_c_CR3022,raw_c_LY-CoV016,raw_c_LY-CoV555,raw_c_REGN10933,raw_c_REGN10987,raw_c_S2D106,raw_c_S2E12,raw_c_S2H13,raw_c_S2H14,raw_c_S2H58,raw_c_S2H97,raw_c_S2X16,raw_c_S2X227,raw_c_S2X259,raw_c_S2X35,raw_c_S2X58,raw_c_S304,raw_c_S309
-0.3039727590913111,-8.862266624228997,-6.330970915127455,-7.15269486885851,-8.843314035016983,-9.179999138232173,-9.136272991862182,-7.059970597675214,-9.06736583629236,-7.801509458873393,-7.4461414590827735,-8.800118652019227,-7.898207190690608,-8.877839599687713,-8.729796116702552,-9.029263510911113,-9.532077829296068,-9.86009959867239,-9.358607201108901,-9.418108345731287,-8.451941248699976,-6.347966714052506,-9.249180345880127,-7.366469729669199,-9.000051090833537,-9.642893672314566,-7.392205000467507,-9.287285410653825,-9.338918383817099,-5.996628591925556,-9.245911077937185
