raw_beta,raw_ace2,raw_c_COV2-2050,raw_c_COV2-2082,raw_c_COV2-2094,raw_c_COV2-2096,raw_c_COV2-2130,raw_c_COV2-2165,raw_c_COV2-2196,raw_c_COV2-2479,raw_c_COV2-2499,raw_c_COV2-2677,raw_c_COV2-2832,raw_c_CR3022,raw_c_LY-CoV016,raw_c_LY-CoV555,raw_c_REGN10933,raw_c_REGN10987,raw_c_S2D106,raw_c_S2E12,raw_c_S2H13,raw_c_S2H14,raw_c_S2H58,raw_c_S2H97,raw_c_S2X16,raw_c_S2X227,raw_c_S2X259,raw_c_S2X35,raw_c_S2X58,raw_c_S304,raw_c_S309
-0.4377563449756703,-9.468417700486338,-7.437116490981963,-6.653092174541896,-8.60294613642107,-6.272104229374856,-7.276689463695792,-7.540285750385495,-7.472035405352903,-7.32401634769232,-8.542417190806592,-8.842092551366282,-5.452181781554808,-9.795508166154091,-6.37112598951159,-7.888496919010822,-6.590432092162722,-7.169336702443318,-8.730738115117145,-9.328223350352678,-7.276678023885367,-6.415548574771748,-8.624994839037644,-8.972047602287581,-7.4596257316703305,-9.666823098844306,-7.002063943098391,-8.422841524777972,-8.80679280451504,-7.326388991934234,-7.406374606091148
