raw_beta,raw_ace2,raw_c_COV2-2050,raw_c_COV2-2082,raw_c_COV2-2094,raw_c_COV2-2096,raw_c_COV2-2130,raw_c_COV2-2165,raw_c_COV2-2196,raw_c_COV2-2479,raw_c_COV2-2499,raw_c_COV2-2677,raw_c_COV2-2832,raw_c_CR3022,raw_c_LY-CoV016,raw_c_LY-CoV555,raw_c_REGN10933,raw_c_REGN10987,raw_c_S2D106,raw_c_S2E12,raw_c_S2H13,raw_c_S2H14,raw_c_S2H58,raw_c_S2H97,raw_c_S2X16,raw_c_S2X227,raw_c_S2X259,raw_c_S2X35,raw_c_S2X58,raw_c_S304,raw_c_S309
-0.4546149639440393,-9.00301547331621,-7.855608446974312,-6.686496599502267,-8.518028068982701,-6.103745671851945,-7.162169075081259,-7.453813916789191,-7.0964474721837165,-7.1317232066998235,-7.931186069440396,-8.616046647314214,-5.248442825326296,-9.90128559271817,-6.622864903709353,-8.83488012761002,-6.459967594288002,-8.552456458274266,-9.164484079232976,-8.868968131378981,-7.891600860928575,-6.1834216040761465,-9.239803610681399,-8.704997695143739,-7.771826773896663,-9.476908712469605,-6.92543589440677,-8.973647477178382,-9.11992604191757,-7.6439921404699795,-7.914645401486658
