raw_beta,raw_ace2,raw_c_COV2-2050,raw_c_COV2-2082,raw_c_COV2-2094,raw_c_COV2-2096,raw_c_COV2-2130,raw_c_COV2-2165,raw_c_COV2-2196,raw_c_COV2-2479,raw_c_COV2-2499,raw_c_COV2-2677,raw_c_COV2-2832,raw_c_CR3022,raw_c_LY-CoV016,raw_c_LY-CoV555,raw_c_REGN10933,raw_c_REGN10987,raw_c_S2D106,raw_c_S2E12,raw_c_S2H13,raw_c_S2H14,raw_c_S2H58,raw_c_S2H97,raw_c_S2X16,raw_c_S2X227,raw_c_S2X259,raw_c_S2X35,raw_c_S2X58,raw_c_S304,raw_c_S309
-0.36897972517609084,-9.426495046215285,-7.329860431185497,-6.576886049570602,-8.308580480095525,-7.594326314184808,-8.521216383957462,-7.153674863259761,-7.984609025157893,-7.803370764161458,-8.059521757680555,-8.578353977110194,-5.594055780046521,-9.21969131870852,-7.453406778234957,-8.990116339285006,-9.419816253665191,-9.719690184572604,-9.242899751875768,-9.412060104173069,-8.177675357430132,-6.357775070022832,-9.094378435741273,-8.018149755840913,-8.789400011126322,-9.59071718482781,-7.109948947547548,-9.071021081426391,-9.12008922444869,-6.145691931576648,-8.974750546255985
