raw_beta,raw_ace2,raw_c_COV2-2050,raw_c_COV2-2082,raw_c_COV2-2094,raw_c_COV2-2096,raw_c_COV2-2130,raw_c_COV2-2165,raw_c_COV2-2196,raw_c_COV2-2479,raw_c_COV2-2499,raw_c_COV2-2677,raw_c_COV2-2832,raw_c_CR3022,raw_c_LY-CoV016,raw_c_LY-CoV555,raw_c_REGN10933,raw_c_REGN10987,raw_c_S2D106,raw_c_S2E12,raw_c_S2H13,raw_c_S2H14,raw_c_S2H58,raw_c_S2H97,raw_c_S2X16,raw_c_S2X227,raw_c_S2X259,raw_c_S2X35,raw_c_S2X58,raw_c_S304,raw_c_S309
-0.2070650617536821,-8.880716957474764,-9.231380110159927,-7.82649208570206,-8.259597079746944,-8.716177838556716,-8.165289181545376,-6.452024976689768,-9.366059503703324,-7.783825006396195,-8.552775479726796,-7.9373149751953145,-7.642812014610755,-7.468390669821822,-9.419767951685097,-9.593865680871872,-9.429794306130292,-9.60350163556033,-9.5480695241738,-9.629731678728318,-8.230755357398692,-6.843742744773122,-9.513392705181063,-6.44642124648638,-9.56307902910025,-9.516985749505036,-6.907204771759995,-9.358776447247978,-9.474782047215285,-5.512808302693059,-9.322329545036029
