raw_beta,raw_ace2,raw_c_COV2-2050,raw_c_COV2-2082,raw_c_COV2-2094,raw_c_COV2-2096,raw_c_COV2-2130,raw_c_COV2-2165,raw_c_COV2-2196,raw_c_COV2-2479,raw_c_COV2-2499,raw_c_COV2-2677,raw_c_COV2-2832,raw_c_CR3022,raw_c_LY-CoV016,raw_c_LY-CoV555,raw_c_REGN10933,raw_c_REGN10987,raw_c_S2D106,raw_c_S2E12,raw_c_S2H13,raw_c_S2H14,raw_c_S2H58,raw_c_S2H97,raw_c_S2X16,raw_c_S2X227,raw_c_S2X259,raw_c_S2X35,raw_c_S2X58,raw_c_S304,raw_c_S309
-0.24952915922552182,-9.078703627353693,-9.236415594115288,-7.961464105793486,-8.707127637868533,-7.6920551482155615,-8.42443923402293,-6.654509073849141,-9.356091875585406,-7.719994662278389,-8.565299022974887,-8.403151242527557,-7.910114182359668,-8.036981030562533,-9.506487103585757,-9.335975743201278,-9.499039650458972,-9.717164565112155,-9.48414972085039,-9.642386505457521,-8.665011432180117,-7.007225248980199,-9.51760764236603,-6.690654456982534,-9.6190568190614,-9.497934692527224,-7.246182244348046,-9.360845287260275,-9.357898879253433,-5.6789059156341315,-9.287288628034636
