raw_beta,raw_ace2,raw_c_COV2-2050,raw_c_COV2-2082,raw_c_COV2-2094,raw_c_COV2-2096,raw_c_COV2-2130,raw_c_COV2-2165,raw_c_COV2-2196,raw_c_COV2-2479,raw_c_COV2-2499,raw_c_COV2-2677,raw_c_COV2-2832,raw_c_CR3022,raw_c_LY-CoV016,raw_c_LY-CoV555,raw_c_REGN10933,raw_c_REGN10987,raw_c_S2D106,raw_c_S2E12,raw_c_S2H13,raw_c_S2H14,raw_c_S2H58,raw_c_S2H97,raw_c_S2X16,raw_c_S2X227,raw_c_S2X259,raw_c_S2X35,raw_c_S2X58,raw_c_S304,raw_c_S309
-0.33706464788976837,-9.118214910599868,-6.905148838572825,-6.500741946067086,-8.259664561177207,-8.132213511723778,-9.184820229496376,-7.230281623050421,-7.658801369854673,-7.846282726618751,-8.04259784713814,-8.745672229648276,-5.987825984971057,-9.271094512884854,-6.839158884073901,-8.961596899364668,-9.170831822059931,-9.754690024984669,-9.214271124788294,-8.909980197761016,-7.626315423816813,-6.538228558664505,-9.098325743333742,-7.846772786420809,-7.91012858467702,-9.63434465398356,-6.702658974110473,-8.92794955334049,-9.140620322047505,-6.242075742324909,-9.175567825402826
