raw_beta,raw_ace2,raw_c_COV2-2050,raw_c_COV2-2082,raw_c_COV2-2094,raw_c_COV2-2096,raw_c_COV2-2130,raw_c_COV2-2165,raw_c_COV2-2196,raw_c_COV2-2479,raw_c_COV2-2499,raw_c_COV2-2677,raw_c_COV2-2832,raw_c_CR3022,raw_c_LY-CoV016,raw_c_LY-CoV555,raw_c_REGN10933,raw_c_REGN10987,raw_c_S2D106,raw_c_S2E12,raw_c_S2H13,raw_c_S2H14,raw_c_S2H58,raw_c_S2H97,raw_c_S2X16,raw_c_S2X227,raw_c_S2X259,raw_c_S2X35,raw_c_S2X58,raw_c_S304,raw_c_S309
-0.40647613435020635,-9.769826303020892,-6.889953706004232,-6.53348617552667,-8.338057671028293,-7.529728398617702,-7.186528023778463,-7.350812041956448,-6.875248640246978,-7.976796276943561,-8.172526895425518,-8.898157794351407,-5.335440100321584,-9.390518505957578,-6.760989762229355,-7.837370932493514,-9.4599509410724,-9.037166276064019,-8.981942077026737,-8.992005261042566,-7.601404253506127,-5.959394400881724,-8.568632583192574,-8.064152089507164,-7.472497291927962,-9.045733407345892,-6.920111873681598,-8.554672796507326,-8.898233883218253,-6.476807274177274,-9.089338330408843
