raw_beta,raw_ace2,raw_c_COV2-2050,raw_c_COV2-2082,raw_c_COV2-2094,raw_c_COV2-2096,raw_c_COV2-2130,raw_c_COV2-2165,raw_c_COV2-2196,raw_c_COV2-2479,raw_c_COV2-2499,raw_c_COV2-2677,raw_c_COV2-2832,raw_c_CR3022,raw_c_LY-CoV016,raw_c_LY-CoV555,raw_c_REGN10933,raw_c_REGN10987,raw_c_S2D106,raw_c_S2E12,raw_c_S2H13,raw_c_S2H14,raw_c_S2H58,raw_c_S2H97,raw_c_S2X16,raw_c_S2X227,raw_c_S2X259,raw_c_S2X35,raw_c_S2X58,raw_c_S304,raw_c_S309
-0.411991813753988,-9.677453354962406,-7.749518852226246,-6.568297406159528,-8.041058505474483,-5.950828860696395,-7.30738326119316,-7.362953967804308,-7.06740007173219,-7.14705794645379,-8.679075186969628,-8.478886798714962,-5.333093310393602,-9.6523453750569,-6.429518393446585,-8.570508249641742,-7.90706778603463,-7.021488340878008,-8.864805670049444,-9.119538010141564,-7.6129612015612524,-6.218542112902693,-9.008474838246839,-8.566583001220549,-7.448140120418148,-9.68174519079831,-6.882645959814675,-8.609925672882754,-8.947063182154183,-7.471689953222098,-8.274269542315253
