raw_beta,raw_ace2,raw_c_COV2-2050,raw_c_COV2-2082,raw_c_COV2-2094,raw_c_COV2-2096,raw_c_COV2-2130,raw_c_COV2-2165,raw_c_COV2-2196,raw_c_COV2-2479,raw_c_COV2-2499,raw_c_COV2-2677,raw_c_COV2-2832,raw_c_CR3022,raw_c_LY-CoV016,raw_c_LY-CoV555,raw_c_REGN10933,raw_c_REGN10987,raw_c_S2D106,raw_c_S2E12,raw_c_S2H13,raw_c_S2H14,raw_c_S2H58,raw_c_S2H97,raw_c_S2X16,raw_c_S2X227,raw_c_S2X259,raw_c_S2X35,raw_c_S2X58,raw_c_S304,raw_c_S309
-0.4656461236919299,-9.422069884853224,-7.655473232668866,-6.649624211802101,-8.40735004818336,-5.854748147275841,-7.479248216382898,-7.732306538105766,-7.525752786026229,-7.087896408755323,-8.944736999724462,-8.296047047702404,-5.5080041989212605,-9.672644093805877,-6.341164188576042,-8.160382453357322,-6.7065404015375965,-7.140990289055108,-9.001870054585181,-9.109060200515732,-7.532067922052682,-5.95365605922822,-9.047796646431863,-8.644842076670225,-7.381608354250409,-9.688510165292776,-6.92920040164924,-8.586857350682548,-9.003174472274472,-7.735157902308558,-7.896978667006022
