raw_beta,raw_ace2,raw_c_COV2-2050,raw_c_COV2-2082,raw_c_COV2-2094,raw_c_COV2-2096,raw_c_COV2-2130,raw_c_COV2-2165,raw_c_COV2-2196,raw_c_COV2-2479,raw_c_COV2-2499,raw_c_COV2-2677,raw_c_COV2-2832,raw_c_CR3022,raw_c_LY-CoV016,raw_c_LY-CoV555,raw_c_REGN10933,raw_c_REGN10987,raw_c_S2D106,raw_c_S2E12,raw_c_S2H13,raw_c_S2H14,raw_c_S2H58,raw_c_S2H97,raw_c_S2X16,raw_c_S2X227,raw_c_S2X259,raw_c_S2X35,raw_c_S2X58,raw_c_S304,raw_c_S309
-0.20320776521394704,-8.85703750239246,-9.25531414996516,-8.415400502954142,-8.691039016764256,-8.612371875177741,-7.994072277974141,-6.3993893510496695,-9.225101530357144,-7.69942572805192,-8.439237906920368,-8.05527825944527,-7.82092783754964,-7.529149584174082,-9.456101536057346,-9.591561855381734,-9.476049578619184,-9.627064745664706,-9.542311683440609,-9.647638615923505,-8.175338660835497,-7.010728664226001,-9.528424090185384,-6.424377974190358,-9.538133201182548,-9.460642501078654,-6.9820745241117335,-9.351384559816587,-9.470752583838907,-6.023208655446834,-9.338032962199698
