raw_beta,raw_ace2,raw_c_COV2-2050,raw_c_COV2-2082,raw_c_COV2-2094,raw_c_COV2-2096,raw_c_COV2-2130,raw_c_COV2-2165,raw_c_COV2-2196,raw_c_COV2-2479,raw_c_COV2-2499,raw_c_COV2-2677,raw_c_COV2-2832,raw_c_CR3022,raw_c_LY-CoV016,raw_c_LY-CoV555,raw_c_REGN10933,raw_c_REGN10987,raw_c_S2D106,raw_c_S2E12,raw_c_S2H13,raw_c_S2H14,raw_c_S2H58,raw_c_S2H97,raw_c_S2X16,raw_c_S2X227,raw_c_S2X259,raw_c_S2X35,raw_c_S2X58,raw_c_S304,raw_c_S309
-0.4216283494643714,-9.380138573312324,-7.533266327791611,-6.598670073920338,-8.401645879580578,-6.265103827609249,-7.2954044958008755,-7.415943613661391,-7.305463955491538,-7.157331061310452,-8.28235376214688,-8.66453197070906,-5.398935003854665,-9.832062743558144,-6.553428985251331,-8.532661392121046,-6.930804122304414,-7.305507658256489,-9.003946614416796,-8.97425472404098,-8.143162487811312,-6.457097295599036,-9.067662352068295,-8.610744743853475,-7.63737778171898,-9.582354968732918,-6.961447662512137,-8.885216137099532,-8.97619914852861,-7.0060843705467315,-6.906105149631555
