raw_beta,raw_ace2,raw_c_COV2-2050,raw_c_COV2-2082,raw_c_COV2-2094,raw_c_COV2-2096,raw_c_COV2-2130,raw_c_COV2-2165,raw_c_COV2-2196,raw_c_COV2-2479,raw_c_COV2-2499,raw_c_COV2-2677,raw_c_COV2-2832,raw_c_CR3022,raw_c_LY-CoV016,raw_c_LY-CoV555,raw_c_REGN10933,raw_c_REGN10987,raw_c_S2D106,raw_c_S2E12,raw_c_S2H13,raw_c_S2H14,raw_c_S2H58,raw_c_S2H97,raw_c_S2X16,raw_c_S2X227,raw_c_S2X259,raw_c_S2X35,raw_c_S2X58,raw_c_S304,raw_c_S309
-0.38178187014262516,-9.692897713871103,-6.72813249102413,-6.497706864506293,-8.175899420023171,-7.938397322748038,-7.2373648530264525,-7.197232283426155,-6.8772012051901665,-7.906379303926342,-8.1955934174899,-8.448726604004179,-5.5723601574628585,-9.448000370064149,-6.688580774992302,-8.605793143206352,-9.420344461382403,-9.203648818986503,-9.121728488091488,-9.152846467292939,-7.371198296703625,-6.2528953772363804,-8.959082006461383,-8.201986490194177,-7.66375151310938,-9.203350832662753,-6.820025983842206,-8.973830394288564,-9.120940327072619,-6.348359693698719,-9.209748933333316
