raw_beta,raw_ace2,raw_c_COV2-2050,raw_c_COV2-2082,raw_c_COV2-2094,raw_c_COV2-2096,raw_c_COV2-2130,raw_c_COV2-2165,raw_c_COV2-2196,raw_c_COV2-2479,raw_c_COV2-2499,raw_c_COV2-2677,raw_c_COV2-2832,raw_c_CR3022,raw_c_LY-CoV016,raw_c_LY-CoV555,raw_c_REGN10933,raw_c_REGN10987,raw_c_S2D106,raw_c_S2E12,raw_c_S2H13,raw_c_S2H14,raw_c_S2H58,raw_c_S2H97,raw_c_S2X16,raw_c_S2X227,raw_c_S2X259,raw_c_S2X35,raw_c_S2X58,raw_c_S304,raw_c_S309
-0.172246526968213,-8.817866976213427,-9.17135651748482,-8.410484810843643,-8.62105492351652,-8.449276985872737,-8.018464590732844,-6.47791178765191,-9.294245154259345,-7.871402814352398,-8.54918884900886,-7.91386788091642,-7.749379172074292,-7.563527915630603,-9.427793628109777,-9.606199338855676,-9.462660240921492,-9.626789386867737,-9.547209021184319,-9.635071958136537,-8.280103493232959,-7.025667579101598,-9.520384999160793,-6.43074992764983,-9.525401140239472,-9.475391748765274,-6.886794157757596,-9.357626187728389,-9.473681528592406,-5.403483495520508,-9.349568746577955
